Area,Rainfall,Temperature,Humidity,Fertilizer,Pesticide,Year,Yield,Crop_Cotton,Crop_Groundnut,Crop_Maize,Crop_Rice,Crop_Soybean,Crop_Sugarcane,Crop_Wheat,Soil_Type_Clay,Soil_Type_Loamy,Soil_Type_Red,Soil_Type_Sandy
1.48,821.3,21.6,76.8,62.6,26.5,2015,3.09,False,False,False,False,False,False,True,False,False,True,False
11.66,1416.6,29.2,61.0,193.2,48.9,2015,4.57,False,False,False,True,False,False,False,False,False,False,False
14.26,909.3,20.5,87.9,66.6,24.0,2020,3.3,False,False,True,False,False,False,False,False,False,False,True
14.86,1173.9,33.6,58.9,116.2,38.5,2020,3.59,False,False,False,True,False,False,False,False,False,True,False
14.39,511.9,21.6,54.5,262.4,52.3,2021,2.52,True,False,False,False,False,False,False,False,True,False,False
4.09,929.6,28.7,75.1,198.4,11.9,2018,9.47,False,False,False,False,False,True,False,False,True,False,False
9.78,814.4,32.8,74.4,218.0,50.9,2015,4.3,False,False,True,False,False,False,False,True,False,False,False
8.62,539.4,32.6,68.4,95.3,31.0,2025,6.27,False,False,False,False,False,True,False,False,False,False,True
3.71,638.5,29.9,66.9,151.4,35.8,2020,2.1,False,False,False,False,False,False,False,False,False,True,False
2.73,513.6,19.8,71.4,195.1,24.3,2024,2.81,False,False,False,False,False,False,False,False,False,False,False
11.05,1761.0,31.8,40.6,217.2,33.1,2019,2.23,False,False,False,False,False,False,False,False,True,False,False
9.26,1062.5,33.3,83.8,292.7,46.2,2023,1.88,False,False,False,False,True,False,False,False,False,False,True
17.54,852.9,28.2,70.4,137.2,11.4,2023,3.71,False,False,False,False,False,False,True,True,False,False,False
1.37,1704.3,32.1,81.6,102.3,16.0,2024,1.48,False,False,False,False,False,False,False,False,False,False,True
2.63,1106.1,19.1,78.0,73.4,29.6,2023,3.25,False,False,False,False,False,False,True,True,False,False,False
19.32,1704.0,30.1,74.5,143.7,41.0,2020,2.15,False,True,False,False,False,False,False,False,False,False,True
18.09,1059.5,22.0,43.2,193.0,15.3,2018,2.67,False,False,False,False,False,False,False,False,True,False,False
5.35,1672.3,31.8,43.5,112.4,30.2,2023,3.71,False,False,False,True,False,False,False,True,False,False,False
14.74,1641.2,27.2,52.1,249.9,13.0,2016,4.4,False,False,True,False,False,False,False,False,False,False,False
9.87,1434.3,28.8,89.2,55.8,44.2,2016,2.03,False,True,False,False,False,False,False,False,True,False,False
4.64,1174.0,20.2,49.2,104.9,55.5,2022,2.26,True,False,False,False,False,False,False,False,False,False,False
1.96,1799.0,31.4,88.4,83.2,30.2,2018,2.58,False,False,False,False,False,False,True,True,False,False,False
18.15,672.3,18.0,59.5,114.2,42.4,2023,2.17,False,True,False,False,False,False,False,False,False,False,False
6.64,1757.8,27.3,67.1,54.9,35.9,2023,1.42,True,False,False,False,False,False,False,False,False,False,True
2.08,1135.6,31.6,43.4,215.6,15.6,2016,4.81,False,False,True,False,False,False,False,False,True,False,False
12.77,1016.0,27.3,66.1,93.1,43.5,2018,3.48,False,False,False,True,False,False,False,False,False,False,True
8.52,1356.8,22.8,55.8,42.4,38.0,2024,1.86,False,False,False,False,True,False,False,False,True,False,False
10.61,628.8,23.6,43.4,136.1,11.1,2023,2.13,True,False,False,False,False,False,False,True,False,False,False
12.62,1782.8,28.5,40.4,117.8,40.5,2017,1.68,False,False,False,False,True,False,False,False,False,True,False
6.17,1266.5,29.5,50.2,171.4,16.6,2015,3.98,False,False,True,False,False,False,False,False,False,False,True
13.05,1569.6,18.7,56.7,205.6,17.2,2022,3.32,False,False,False,False,False,False,True,True,False,False,False
3.13,1725.8,29.1,47.5,257.0,35.8,2017,4.68,False,False,False,True,False,False,False,False,True,False,False
3.42,866.1,32.4,79.8,273.7,14.2,2018,2.84,False,True,False,False,False,False,False,False,True,False,False
19.5,1461.8,32.8,51.8,293.8,49.0,2021,2.49,False,True,False,False,False,False,False,True,False,False,False
4.41,1698.1,30.5,60.6,109.4,47.7,2016,3.66,False,False,False,True,False,False,False,True,False,False,False
5.23,1552.4,25.4,55.3,98.0,40.3,2021,1.93,False,False,False,False,False,False,False,True,False,False,False
6.29,543.7,30.4,57.6,143.9,58.9,2023,7.32,False,False,False,False,False,True,False,False,False,True,False
4.39,1749.4,22.2,45.4,129.9,47.6,2021,1.91,False,False,False,False,True,False,False,False,False,False,False
8.32,1228.4,22.1,75.4,175.2,48.8,2025,3.76,False,False,False,False,False,False,True,False,True,False,False
7.92,544.5,28.6,56.5,212.5,9.2,2019,1.75,True,False,False,False,False,False,False,False,False,False,True
13.67,890.3,29.2,67.7,149.3,56.5,2025,2.03,False,False,False,False,True,False,False,True,False,False,False
8.72,1575.5,22.9,50.5,197.7,20.7,2022,1.84,False,False,False,False,True,False,False,False,False,True,False
13.84,1140.1,30.7,88.0,211.3,18.5,2025,2.17,False,False,False,False,False,False,False,True,False,False,False
13.78,753.3,21.2,41.2,295.8,37.5,2016,2.4,True,False,False,False,False,False,False,True,False,False,False
8.87,1300.2,21.1,74.8,143.9,10.6,2015,2.4,False,False,False,False,False,False,False,False,False,False,False
15.79,745.4,30.9,74.8,53.1,16.5,2016,2.91,False,False,False,False,False,False,True,False,False,False,False
3.53,1077.3,26.5,67.9,287.0,53.7,2024,2.37,False,False,False,False,False,False,False,False,False,False,True
16.78,1189.6,32.4,77.2,157.0,45.6,2025,2.14,False,True,False,False,False,False,False,False,False,False,False
15.55,1153.8,28.0,53.7,225.5,15.6,2020,2.27,False,False,False,False,True,False,False,False,True,False,False
3.87,967.1,20.4,50.7,146.0,33.5,2021,4.39,False,False,True,False,False,False,False,False,False,False,False
4.93,1017.2,32.5,69.2,262.8,46.4,2021,4.73,False,False,False,True,False,False,False,False,True,False,False
15.32,1602.2,33.3,61.0,248.0,54.1,2022,2.07,False,False,False,False,True,False,False,False,False,True,False
6.19,1105.6,24.2,73.4,228.3,50.7,2017,2.8,True,False,False,False,False,False,False,False,False,False,False
12.25,1345.0,19.3,61.4,87.2,17.1,2020,2.18,False,True,False,False,False,False,False,False,False,False,False
9.64,905.6,32.1,53.9,105.6,6.8,2015,2.16,True,False,False,False,False,False,False,False,False,False,False
5.26,542.6,33.3,42.0,286.9,13.6,2015,9.22,False,False,False,False,False,True,False,False,True,False,False
5.53,1089.3,19.8,87.4,221.9,46.5,2017,4.19,False,False,True,False,False,False,False,False,False,False,False
15.78,671.1,23.0,68.9,189.7,54.7,2021,2.92,False,False,False,False,False,False,True,False,False,False,True
18.89,717.7,27.5,81.5,66.5,46.8,2025,2.07,False,True,False,False,False,False,False,True,False,False,False
7.6,1028.3,23.9,65.3,43.3,26.4,2022,3.24,False,False,False,True,False,False,False,False,False,False,True
9.24,939.0,32.3,63.0,153.2,44.6,2025,3.49,False,False,False,False,False,False,True,True,False,False,False
9.83,1564.7,27.5,56.1,256.0,7.0,2022,2.63,False,False,False,False,False,False,False,True,False,False,False
15.26,1219.3,28.7,56.8,261.2,12.5,2018,2.54,True,False,False,False,False,False,False,False,False,False,False
17.73,1396.6,22.4,40.5,62.3,43.8,2022,1.84,False,False,False,False,True,False,False,True,False,False,False
14.12,1322.0,25.9,79.6,116.5,25.5,2018,2.15,True,False,False,False,False,False,False,False,True,False,False
11.52,914.1,33.9,67.5,222.7,17.7,2019,2.24,False,False,False,False,False,False,False,False,False,False,True
3.29,710.0,19.9,66.8,89.8,44.8,2019,1.9,True,False,False,False,False,False,False,True,False,False,False
19.63,1574.0,22.7,58.0,43.7,33.0,2019,0.96,False,False,False,False,True,False,False,False,False,False,True
19.51,1197.0,29.2,46.3,66.7,2.7,2019,3.71,False,False,False,True,False,False,False,False,False,False,False
19.34,790.8,31.8,45.7,144.2,6.3,2025,4.19,False,False,True,False,False,False,False,False,True,False,False
3.88,1545.0,33.2,44.3,70.8,46.3,2024,3.32,False,False,False,True,False,False,False,True,False,False,False
9.56,1047.7,31.8,89.5,187.8,5.5,2016,2.1,False,True,False,False,False,False,False,False,False,False,True
12.88,807.3,19.3,52.0,59.5,2.2,2022,1.76,True,False,False,False,False,False,False,False,False,True,False
5.4,1404.4,29.2,62.7,280.2,47.7,2025,4.56,False,False,False,True,False,False,False,True,False,False,False
9.08,1185.2,28.4,85.4,58.6,11.6,2019,1.68,True,False,False,False,False,False,False,True,False,False,False
9.34,1082.7,22.9,60.1,170.1,30.6,2016,1.66,False,False,False,False,True,False,False,False,False,False,True
17.9,1441.6,27.7,41.3,290.1,50.5,2024,4.73,False,False,False,True,False,False,False,True,False,False,False
11.95,1480.2,20.8,65.9,278.2,12.5,2024,2.28,False,False,False,False,True,False,False,False,False,False,False
13.06,1113.8,19.5,57.4,123.5,8.1,2017,1.9,False,True,False,False,False,False,False,False,False,False,True
13.59,990.6,30.2,41.8,121.8,20.7,2021,2.33,False,False,False,False,True,False,False,False,True,False,False
13.5,1182.5,24.6,49.4,201.9,30.9,2022,4.03,False,False,False,True,False,False,False,False,False,False,True
18.63,1041.5,29.2,46.1,247.8,43.2,2019,4.32,False,False,True,False,False,False,False,False,False,True,False
11.49,575.8,33.9,85.6,286.2,39.6,2017,4.5,False,False,False,True,False,False,False,False,False,False,False
8.89,1101.4,25.6,62.8,139.7,55.5,2023,2.04,False,False,False,False,True,False,False,True,False,False,False
17.42,822.9,30.6,60.7,109.5,2.1,2019,3.76,False,False,True,False,False,False,False,False,False,True,False
17.44,1052.8,25.7,56.6,138.1,56.1,2018,1.86,False,False,False,False,False,False,False,False,False,True,False
11.86,765.3,30.4,42.2,223.4,49.1,2021,2.8,True,False,False,False,False,False,False,False,False,False,False
10.41,500.0,26.0,69.5,267.3,27.5,2023,4.77,False,False,True,False,False,False,False,False,True,False,False
1.29,644.6,31.9,88.5,162.1,58.2,2020,2.06,False,False,False,False,False,False,False,False,True,False,False
17.18,1600.7,31.7,59.0,203.0,53.5,2022,2.97,False,False,False,False,False,False,True,False,False,False,True
12.73,766.9,29.0,54.4,234.2,27.2,2016,4.68,False,False,False,True,False,False,False,True,False,False,False
9.43,1386.9,32.5,42.3,116.3,23.7,2017,3.12,False,False,False,False,False,False,True,False,True,False,False
11.09,1214.0,30.7,48.5,198.5,24.2,2025,2.48,True,False,False,False,False,False,False,False,True,False,False
5.41,1311.2,25.4,73.3,274.3,41.3,2017,5.22,False,False,True,False,False,False,False,False,False,False,False
9.39,916.5,27.4,71.9,219.5,28.5,2019,4.14,False,False,False,False,False,False,True,False,False,False,False
3.03,964.8,23.7,54.8,45.7,50.1,2021,1.82,False,False,False,False,False,False,False,False,False,False,True
1.15,1617.8,30.5,88.7,233.7,50.3,2019,2.03,False,False,False,False,True,False,False,False,False,True,False
5.16,706.7,22.0,77.8,203.3,54.4,2025,8.32,False,False,False,False,False,True,False,True,False,False,False
6.87,1045.1,27.3,76.6,276.5,20.9,2021,5.36,False,False,False,True,False,False,False,False,True,False,False
11.09,1683.2,31.3,52.8,291.5,19.1,2020,9.01,False,False,False,False,False,True,False,False,False,False,False
9.9,551.7,30.1,51.3,291.5,48.7,2020,4.22,False,False,False,False,False,False,True,False,False,False,False
11.19,1064.0,28.8,73.6,139.1,39.0,2020,2.04,False,False,False,False,True,False,False,False,False,True,False
13.82,1086.5,27.9,87.2,278.0,14.8,2016,3.53,False,False,False,False,False,False,True,False,False,False,True
13.34,607.5,18.7,41.9,70.2,15.6,2023,1.63,False,False,False,False,True,False,False,False,False,False,False
8.38,950.9,33.2,74.8,149.0,45.1,2017,4.04,False,False,True,False,False,False,False,False,False,True,False
12.7,1717.7,22.5,74.5,155.3,57.1,2020,1.8,False,False,False,False,False,False,False,True,False,False,False
19.64,945.9,32.4,72.2,143.5,13.0,2016,4.01,False,False,False,False,False,False,True,False,True,False,False
13.59,1316.3,27.6,41.1,103.3,9.3,2024,2.78,False,False,False,False,False,False,True,False,False,False,True
2.3,1483.0,21.3,50.8,125.4,10.6,2024,2.4,True,False,False,False,False,False,False,True,False,False,False
19.76,1179.3,30.8,45.5,74.3,22.8,2018,3.81,False,False,True,False,False,False,False,False,True,False,False
1.3,808.2,20.0,61.0,233.9,29.6,2020,9.21,False,False,False,False,False,True,False,False,True,False,False
18.96,508.5,30.5,83.3,118.4,39.3,2015,1.93,True,False,False,False,False,False,False,False,False,True,False
19.97,1593.9,24.8,45.4,59.1,6.7,2024,3.76,False,False,False,True,False,False,False,False,False,False,False
8.24,1256.5,22.7,65.3,65.8,42.7,2025,7.44,False,False,False,False,False,True,False,False,False,False,False
9.17,1648.9,24.6,81.4,148.2,7.5,2021,2.12,True,False,False,False,False,False,False,False,False,False,False
14.05,1090.3,19.5,44.3,65.1,44.9,2017,3.82,False,False,True,False,False,False,False,False,False,False,False
12.14,1208.1,23.3,46.1,267.1,56.6,2021,4.49,False,False,False,True,False,False,False,False,False,False,True
12.41,924.7,27.2,50.6,98.3,8.3,2023,1.79,False,False,False,False,True,False,False,False,False,False,False
3.18,826.1,21.6,61.5,293.4,49.5,2024,8.79,False,False,False,False,False,True,False,False,False,True,False
1.55,818.9,30.2,86.1,41.6,52.5,2024,1.31,False,False,False,False,True,False,False,False,False,False,True
2.32,1450.3,33.5,44.6,95.9,26.4,2020,2.11,False,True,False,False,False,False,False,False,False,True,False
15.76,1216.3,19.4,42.6,236.2,4.9,2016,8.88,False,False,False,False,False,True,False,True,False,False,False
9.42,1022.4,27.7,60.7,236.3,8.6,2021,2.51,False,False,False,False,True,False,False,True,False,False,False
11.01,866.4,21.5,89.2,42.0,19.5,2018,2.09,False,False,False,False,False,False,False,False,True,False,False
15.52,840.8,19.9,64.9,85.7,24.1,2018,3.44,False,False,True,False,False,False,False,False,False,False,False
2.37,1613.4,18.7,40.9,264.1,35.4,2024,9.02,False,False,False,False,False,True,False,False,True,False,False
14.48,1013.9,19.8,41.0,84.7,57.0,2022,2.16,False,True,False,False,False,False,False,False,False,False,True
9.3,592.9,25.0,60.0,142.9,20.0,2020,3.28,False,False,False,False,False,False,True,False,True,False,False
7.33,677.0,26.2,45.7,90.4,47.0,2020,1.91,True,False,False,False,False,False,False,False,False,True,False
5.49,647.7,21.2,70.1,86.1,46.8,2022,3.45,False,False,True,False,False,False,False,False,True,False,False
15.33,1475.8,25.2,86.2,207.2,59.2,2020,2.29,False,False,False,False,False,False,False,False,False,True,False
9.36,1083.0,28.1,79.8,54.6,31.4,2019,3.26,False,False,True,False,False,False,False,False,False,True,False
9.59,526.8,31.3,43.8,199.9,31.4,2022,1.87,False,False,False,False,False,False,False,False,True,False,False
9.54,1543.3,28.4,56.1,170.4,57.5,2022,4.1,False,False,False,True,False,False,False,False,False,False,False
16.41,1580.5,33.7,44.2,50.2,43.0,2022,2.58,False,False,False,False,False,False,True,True,False,False,False
8.08,831.9,24.5,56.9,53.6,38.6,2020,6.79,False,False,False,False,False,True,False,False,False,True,False
7.26,1203.3,24.2,52.6,267.1,21.3,2024,3.71,False,False,False,False,False,False,True,False,False,True,False
19.39,1392.9,24.3,69.8,120.5,23.8,2020,1.66,False,False,False,False,True,False,False,False,True,False,False
13.73,1569.1,29.8,74.3,64.3,40.9,2023,3.14,False,False,True,False,False,False,False,False,False,True,False
19.07,911.3,30.3,49.6,80.3,19.2,2016,3.81,False,False,True,False,False,False,False,True,False,False,False
13.58,1633.1,27.9,69.9,82.2,50.2,2024,3.69,False,False,False,True,False,False,False,True,False,False,False
1.83,941.8,29.5,88.5,114.1,45.4,2022,1.86,False,False,False,False,False,False,False,False,False,True,False
11.15,867.8,30.9,63.5,135.6,56.9,2022,2.02,True,False,False,False,False,False,False,True,False,False,False
10.56,1015.2,20.6,50.0,76.0,16.5,2025,2.15,False,True,False,False,False,False,False,False,False,True,False
17.61,1198.6,19.6,82.3,114.1,46.3,2019,1.88,False,False,False,False,False,False,False,False,True,False,False
2.74,1679.2,31.1,84.2,147.9,25.0,2020,2.42,False,True,False,False,False,False,False,False,True,False,False
8.34,560.2,21.6,55.9,258.2,39.7,2017,2.66,True,False,False,False,False,False,False,False,True,False,False
14.23,637.4,29.3,62.4,275.5,3.1,2018,2.64,False,False,False,False,False,False,False,False,True,False,False
11.43,1431.8,26.4,45.6,101.8,9.1,2018,2.99,False,False,True,False,False,False,False,False,False,False,True
2.19,1579.5,26.0,66.8,189.5,43.7,2019,2.21,False,False,False,False,False,False,False,False,False,True,False
1.03,926.3,27.1,49.4,176.1,22.9,2023,2.41,False,True,False,False,False,False,False,False,True,False,False
8.42,1084.7,28.2,89.1,234.3,22.7,2016,4.13,False,False,False,True,False,False,False,False,False,False,True
5.58,1337.1,19.7,69.1,74.7,22.4,2020,6.2,False,False,False,False,False,True,False,False,False,False,True
19.64,1096.0,20.9,46.7,49.6,13.7,2018,1.81,False,False,False,False,False,False,False,False,False,False,False
7.0,868.6,24.4,80.8,105.9,45.7,2018,4.12,False,False,False,True,False,False,False,False,False,False,False
17.45,898.1,20.0,58.4,233.3,53.9,2021,5.2,False,False,False,True,False,False,False,False,False,False,False
19.5,1119.9,26.0,86.2,109.3,6.8,2021,7.72,False,False,False,False,False,True,False,False,False,True,False
11.36,883.6,19.3,73.0,155.9,43.6,2017,3.66,False,False,True,False,False,False,False,False,False,False,True
7.68,507.2,31.9,57.6,111.4,58.8,2015,2.2,False,False,False,False,False,False,False,False,False,False,False
10.75,1462.4,20.6,41.6,216.3,27.4,2017,8.11,False,False,False,False,False,True,False,False,False,True,False
5.48,1321.0,23.8,87.5,197.3,41.4,2020,3.7,False,False,False,False,False,False,True,False,True,False,False
11.06,987.3,28.4,52.5,46.7,12.8,2023,4.0,False,False,True,False,False,False,False,False,True,False,False
18.36,609.0,30.4,75.2,299.1,18.6,2022,2.73,False,True,False,False,False,False,False,True,False,False,False
9.59,1663.2,25.1,44.4,213.6,43.2,2023,3.29,False,False,False,False,False,False,True,False,False,False,True
17.94,1599.3,29.4,86.4,246.4,31.5,2016,2.46,False,False,False,False,True,False,False,True,False,False,False
16.02,485.5,26.9,58.4,73.7,53.3,2016,1.82,True,False,False,False,False,False,False,False,False,True,False
8.57,1417.9,25.7,60.5,254.1,6.3,2020,2.22,False,False,False,False,True,False,False,False,False,False,False
3.44,1569.2,26.8,69.4,152.5,54.8,2015,7.61,False,False,False,False,False,True,False,True,False,False,False
10.84,860.6,20.6,86.7,130.0,56.6,2019,3.48,False,False,False,False,False,False,True,True,False,False,False
3.38,858.8,26.5,65.1,193.9,35.7,2017,2.06,False,False,False,False,True,False,False,True,False,False,False
17.01,1210.9,31.2,41.4,286.6,46.7,2019,9.53,False,False,False,False,False,True,False,False,True,False,False
12.74,490.9,32.2,67.3,165.6,48.7,2025,1.79,False,True,False,False,False,False,False,False,False,False,True
6.65,548.5,19.0,62.0,160.8,21.7,2017,2.29,False,True,False,False,False,False,False,False,False,False,False
19.53,626.5,23.9,68.1,102.9,9.1,2022,6.8,False,False,False,False,False,True,False,False,False,False,True
3.68,518.3,33.1,83.2,104.6,52.2,2017,2.19,True,False,False,False,False,False,False,False,False,False,False
4.61,665.1,33.9,63.3,169.3,7.2,2021,6.56,False,False,False,False,False,True,False,False,False,False,True
19.37,740.4,23.6,42.5,195.4,50.9,2025,2.09,False,False,False,False,False,False,False,False,False,False,False
9.19,1641.3,29.6,78.2,51.8,5.0,2023,2.58,False,False,False,False,False,False,True,False,False,False,True
7.89,839.6,24.2,62.5,112.7,59.4,2025,1.97,True,False,False,False,False,False,False,False,False,True,False
8.48,1523.1,23.4,86.9,91.8,31.5,2023,3.06,False,False,False,False,False,False,True,True,False,False,False
1.86,635.0,23.3,63.7,78.7,53.8,2017,3.78,False,False,False,True,False,False,False,False,False,False,False
8.47,1282.3,31.5,69.7,255.4,32.9,2024,4.5,False,False,True,False,False,False,False,False,False,True,False
10.02,472.5,23.3,45.5,191.8,48.2,2025,2.31,False,False,False,False,True,False,False,False,False,False,False
14.71,1237.8,20.7,71.5,241.4,24.1,2025,2.37,True,False,False,False,False,False,False,False,False,True,False
1.6,1730.1,19.8,40.9,148.9,26.0,2018,1.51,True,False,False,False,False,False,False,False,False,False,True
17.58,1443.4,19.0,46.9,185.8,59.9,2022,2.26,False,False,False,False,False,False,False,True,False,False,False
6.96,683.8,32.6,57.1,215.7,52.3,2025,2.06,False,True,False,False,False,False,False,False,False,False,True
4.65,782.8,26.9,51.2,240.5,42.9,2022,1.88,False,False,False,False,False,False,False,False,False,False,True
10.12,1206.7,33.0,76.1,71.7,41.2,2021,6.36,False,False,False,False,False,True,False,False,False,False,True
19.14,1536.2,22.6,54.4,130.1,27.7,2019,7.79,False,False,False,False,False,True,False,False,True,False,False
5.07,1567.7,22.3,68.1,75.7,37.7,2024,1.6,False,False,False,False,False,False,False,False,False,False,True
13.12,520.9,24.6,75.9,217.1,10.0,2023,2.53,True,False,False,False,False,False,False,False,True,False,False
8.73,1712.3,32.1,63.9,236.5,18.7,2019,3.86,False,False,True,False,False,False,False,True,False,False,False
13.39,763.5,29.8,82.5,277.4,12.2,2017,3.96,False,False,False,False,False,False,True,False,True,False,False
19.95,985.9,25.9,86.8,268.0,2.5,2024,4.14,False,False,False,True,False,False,False,False,False,False,True
6.41,1785.3,26.7,64.7,261.3,29.1,2018,8.36,False,False,False,False,False,True,False,True,False,False,False
7.28,1437.0,28.4,75.9,231.5,47.9,2024,3.95,False,False,False,False,False,False,True,False,True,False,False
16.71,1145.6,19.4,73.5,295.2,29.7,2018,2.65,False,True,False,False,False,False,False,True,False,False,False
5.95,768.0,30.1,87.7,191.4,35.2,2019,3.73,False,False,False,True,False,False,False,False,False,False,True
13.69,1078.3,20.6,74.3,219.5,39.0,2019,3.85,False,False,False,True,False,False,False,False,False,False,True
12.68,745.8,20.1,47.7,137.1,42.7,2022,7.43,False,False,False,False,False,True,False,False,False,True,False
15.48,1368.5,27.5,79.4,156.2,42.8,2016,1.79,True,False,False,False,False,False,False,False,False,True,False
2.17,1189.3,26.1,68.6,82.8,51.6,2022,3.35,False,False,False,False,False,False,True,True,False,False,False
2.73,1139.0,30.9,62.7,148.0,34.7,2023,2.1,False,False,False,False,False,False,False,False,False,True,False
13.78,866.0,18.3,52.7,233.9,35.5,2015,2.19,False,False,False,False,False,False,False,False,True,False,False
18.76,543.2,32.9,41.6,86.8,9.9,2025,3.93,False,False,False,True,False,False,False,False,False,False,False
8.11,1653.3,25.2,85.9,137.7,41.6,2025,2.41,False,True,False,False,False,False,False,False,False,False,False
3.25,1790.3,24.3,46.4,257.1,45.9,2019,8.45,False,False,False,False,False,True,False,True,False,False,False
13.8,1185.0,26.5,81.2,159.8,11.0,2018,2.44,False,False,False,False,False,False,False,True,False,False,False
1.61,1341.3,27.8,86.8,102.6,5.9,2024,3.34,False,False,False,False,False,False,True,False,True,False,False
9.48,1357.2,32.0,52.2,144.6,15.6,2018,4.28,False,False,False,True,False,False,False,False,True,False,False
10.57,840.5,31.1,76.6,190.1,46.8,2020,3.4,False,False,True,False,False,False,False,False,False,False,True
6.73,643.4,28.6,51.1,111.5,34.3,2024,2.11,True,False,False,False,False,False,False,False,False,False,True
11.56,513.3,23.5,72.2,244.3,20.5,2021,2.44,False,True,False,False,False,False,False,False,False,False,False
3.84,958.2,30.1,63.7,118.2,43.0,2022,2.54,False,True,False,False,False,False,False,True,False,False,False
11.59,631.0,21.9,50.2,279.8,51.1,2016,2.75,False,True,False,False,False,False,False,False,True,False,False
1.98,959.2,27.7,42.0,88.9,46.2,2025,2.02,True,False,False,False,False,False,False,False,True,False,False
6.76,1677.1,21.4,49.5,234.2,45.8,2018,8.7,False,False,False,False,False,True,False,False,True,False,False
8.54,773.1,23.1,54.2,178.7,22.8,2019,2.14,True,False,False,False,False,False,False,False,False,False,False
2.87,1774.8,25.5,82.0,136.4,26.0,2024,2.23,False,False,False,False,False,False,False,True,False,False,False
15.08,471.9,26.9,69.2,116.7,13.4,2018,1.88,True,False,False,False,False,False,False,False,False,False,False
11.46,1723.7,23.4,78.2,291.3,39.2,2022,2.6,False,False,False,False,False,False,False,False,False,False,False
4.2,1523.2,20.7,76.0,87.9,53.6,2025,2.11,False,False,False,False,False,False,False,False,False,False,False
18.96,1352.1,30.2,60.6,57.7,10.8,2018,2.95,False,False,False,False,False,False,True,True,False,False,False
8.09,1284.1,28.7,70.8,211.4,2.9,2023,2.32,False,False,False,False,False,False,False,False,False,False,False
11.18,837.0,26.0,74.9,249.6,54.8,2016,2.4,False,False,False,False,True,False,False,False,False,False,False
10.96,775.3,27.9,52.6,109.5,25.0,2020,3.14,False,False,False,False,False,False,True,False,False,False,True
19.81,754.9,28.9,82.4,64.3,24.0,2023,2.02,True,False,False,False,False,False,False,False,True,False,False
2.07,462.8,20.7,65.0,207.7,21.2,2016,2.54,False,False,False,False,False,False,False,False,False,False,False
5.02,1622.0,32.2,63.8,280.3,41.7,2019,2.26,True,False,False,False,False,False,False,False,True,False,False
4.41,1598.1,18.3,50.4,235.6,43.3,2021,4.46,False,False,False,True,False,False,False,True,False,False,False
11.77,1596.7,28.8,67.0,236.5,10.1,2016,2.36,True,False,False,False,False,False,False,False,False,False,False
2.02,1040.1,31.4,57.0,288.3,25.0,2020,9.15,False,False,False,False,False,True,False,False,False,True,False
10.32,930.3,33.1,61.6,211.8,7.0,2024,2.21,False,False,False,False,False,False,False,False,False,True,False
16.16,1412.7,19.3,47.7,232.3,20.4,2016,2.48,False,False,False,False,True,False,False,True,False,False,False
7.84,814.2,20.1,49.4,184.8,31.7,2016,2.49,False,False,False,False,False,False,False,False,False,False,False
2.7,1198.2,27.6,79.2,43.2,26.0,2016,3.76,False,False,False,True,False,False,False,False,False,False,False
11.87,678.9,24.1,46.9,109.8,10.5,2017,1.6,True,False,False,False,False,False,False,False,False,False,True
6.24,854.7,30.5,58.1,227.4,30.8,2024,2.68,False,True,False,False,False,False,False,True,False,False,False
1.13,984.2,31.5,59.0,154.5,27.0,2025,1.88,False,False,False,False,True,False,False,False,False,False,True
6.71,1264.3,29.1,64.0,290.8,58.2,2019,4.58,False,False,True,False,False,False,False,True,False,False,False
7.19,828.4,30.6,58.3,91.9,59.8,2017,1.7,True,False,False,False,False,False,False,False,False,True,False
19.11,1073.2,29.3,61.9,256.1,6.0,2021,4.26,False,False,False,True,False,False,False,False,False,False,True
5.6,1339.2,29.4,79.5,156.8,36.7,2024,2.01,False,False,False,False,True,False,False,False,True,False,False
11.15,1696.7,31.9,60.9,245.6,22.9,2023,2.31,False,True,False,False,False,False,False,False,True,False,False
15.61,1337.8,23.7,72.3,186.4,39.4,2025,3.62,False,False,False,False,False,False,True,False,True,False,False
19.37,897.7,30.7,45.3,107.3,31.6,2023,2.16,False,True,False,False,False,False,False,False,True,False,False
9.47,978.0,30.4,69.4,79.2,59.9,2022,1.86,True,False,False,False,False,False,False,False,False,True,False
6.61,1692.7,19.4,81.6,130.6,21.9,2018,2.97,False,False,False,False,False,False,True,True,False,False,False
9.33,1390.6,23.1,55.0,45.9,21.9,2016,3.11,False,False,False,False,False,False,True,False,True,False,False
18.67,1449.7,26.3,67.6,185.6,57.6,2018,3.72,False,False,True,False,False,False,False,False,False,False,True
13.17,1033.4,18.5,70.7,156.9,26.9,2015,3.8,False,False,True,False,False,False,False,True,False,False,False
4.91,1465.6,30.9,43.1,247.9,33.1,2020,2.43,True,False,False,False,False,False,False,False,True,False,False
13.74,1110.8,33.5,55.7,198.9,36.0,2020,2.37,False,False,False,False,True,False,False,False,False,False,False
17.06,1283.4,31.0,75.3,278.9,36.2,2025,8.09,False,False,False,False,False,True,False,False,False,False,True
3.22,954.0,20.3,59.4,75.8,24.3,2017,1.82,False,False,False,False,True,False,False,False,False,True,False
13.07,1386.1,28.3,90.0,83.4,18.8,2017,1.73,False,False,False,False,False,False,False,False,False,True,False
17.44,1735.0,25.8,49.8,290.6,31.3,2022,4.97,False,False,False,True,False,False,False,False,False,False,False
14.01,1011.1,31.4,64.4,187.0,48.2,2018,2.67,False,True,False,False,False,False,False,False,True,False,False
4.2,1067.4,29.9,78.3,172.8,35.2,2019,2.15,False,False,False,False,True,False,False,False,False,True,False
11.3,1471.7,30.2,62.1,297.3,7.9,2025,8.91,False,False,False,False,False,True,False,True,False,False,False
9.54,920.6,31.1,62.0,241.7,15.7,2024,4.87,False,False,False,True,False,False,False,False,True,False,False
17.36,1273.9,24.9,70.8,251.5,48.7,2024,9.02,False,False,False,False,False,True,False,True,False,False,False
7.15,1400.5,22.6,53.4,296.2,41.4,2016,4.46,False,False,True,False,False,False,False,False,False,True,False
19.29,1510.7,32.7,89.6,222.4,9.7,2017,4.05,False,False,True,False,False,False,False,True,False,False,False
10.3,1229.5,22.3,60.7,59.6,48.1,2016,1.86,False,True,False,False,False,False,False,False,False,False,False
10.8,825.6,33.0,58.5,125.1,2.1,2016,2.36,False,True,False,False,False,False,False,False,False,False,False
17.15,1524.2,24.4,88.4,168.6,20.7,2019,7.74,False,False,False,False,False,True,False,True,False,False,False
11.4,626.3,31.6,79.4,51.9,38.3,2022,7.55,False,False,False,False,False,True,False,False,True,False,False
9.38,450.9,33.3,50.1,269.4,19.5,2019,4.37,False,False,True,False,False,False,False,True,False,False,False
13.44,788.0,23.9,85.2,53.5,38.3,2018,3.01,False,False,False,False,False,False,True,True,False,False,False
1.02,1093.7,20.1,51.3,42.4,42.3,2016,3.17,False,False,False,False,False,False,True,False,False,False,False
14.19,1094.9,21.7,44.5,66.8,23.3,2019,2.49,False,True,False,False,False,False,False,False,True,False,False
13.19,1364.1,19.1,68.2,209.0,27.5,2018,4.22,False,False,True,False,False,False,False,False,False,True,False
18.48,1281.7,25.1,50.9,76.4,9.1,2021,3.73,False,False,True,False,False,False,False,False,True,False,False
5.71,1320.2,22.0,70.0,114.1,56.6,2015,3.75,False,False,True,False,False,False,False,False,False,True,False
4.9,1269.4,21.0,59.6,243.8,48.0,2018,2.25,False,False,False,False,True,False,False,False,True,False,False
13.12,545.9,32.2,40.6,282.8,9.7,2024,2.05,False,False,False,False,False,False,False,False,False,False,True
7.94,1372.0,30.2,87.7,44.3,5.9,2019,2.22,False,True,False,False,False,False,False,False,True,False,False
10.63,1298.6,26.0,60.8,61.4,33.1,2024,2.62,False,True,False,False,False,False,False,False,False,False,False
6.27,868.4,26.2,50.2,179.5,24.7,2025,4.3,False,False,True,False,False,False,False,True,False,False,False
6.89,1040.6,33.3,51.9,62.4,27.2,2022,2.85,False,False,False,False,False,False,True,True,False,False,False
6.88,1451.3,29.9,46.0,222.4,11.5,2020,4.13,False,False,False,True,False,False,False,True,False,False,False
4.17,621.4,30.5,53.4,240.6,3.7,2021,2.26,False,False,False,False,True,False,False,False,True,False,False
10.95,805.0,33.6,71.4,158.4,22.9,2022,2.13,False,False,False,False,True,False,False,False,False,False,False
5.85,588.9,27.2,76.1,232.6,2.1,2015,4.29,False,False,True,False,False,False,False,True,False,False,False
1.87,941.4,32.7,48.9,183.7,55.0,2025,2.3,True,False,False,False,False,False,False,False,True,False,False
18.4,881.9,31.2,68.6,170.5,54.3,2017,2.69,False,True,False,False,False,False,False,False,True,False,False
16.28,1774.9,33.3,43.4,265.2,46.9,2019,2.27,True,False,False,False,False,False,False,False,False,False,False
8.01,843.7,30.6,77.0,160.6,36.3,2022,4.47,False,False,False,True,False,False,False,True,False,False,False
14.92,1187.9,30.7,47.5,46.2,33.4,2025,2.17,True,False,False,False,False,False,False,False,False,False,False
1.03,1337.4,31.6,76.4,93.4,59.0,2021,7.31,False,False,False,False,False,True,False,False,True,False,False
19.26,1763.0,20.3,54.0,279.5,54.0,2023,2.03,False,False,False,False,False,False,False,False,True,False,False
19.52,564.6,19.5,46.7,59.5,34.9,2021,2.03,False,False,False,False,False,False,False,False,False,False,False
5.5,802.3,23.0,80.0,122.7,17.8,2016,3.51,False,False,True,False,False,False,False,False,False,False,True
3.95,671.9,25.5,60.3,133.2,46.7,2022,3.26,False,False,False,False,False,False,True,False,False,True,False
9.8,1600.9,19.4,80.4,254.9,42.4,2015,1.95,False,False,False,False,True,False,False,False,False,False,True
2.73,785.1,23.7,65.7,107.6,59.5,2015,3.7,False,False,True,False,False,False,False,False,False,False,True
17.24,1200.5,26.8,44.7,249.0,10.1,2015,3.21,False,True,False,False,False,False,False,False,True,False,False
3.48,1562.0,24.0,71.5,191.4,17.0,2016,2.48,True,False,False,False,False,False,False,False,True,False,False
19.95,717.0,28.3,80.5,275.3,50.1,2020,5.44,False,False,False,True,False,False,False,False,True,False,False
4.19,1224.7,31.1,59.7,139.5,26.7,2020,4.64,False,False,False,True,False,False,False,False,True,False,False
18.26,821.2,25.1,47.4,201.0,16.3,2019,1.92,True,False,False,False,False,False,False,False,False,True,False
2.16,827.7,20.2,50.0,104.8,59.7,2023,1.89,False,False,False,False,False,False,False,False,False,True,False
19.8,1505.6,23.7,67.2,129.4,34.8,2020,4.02,False,False,False,True,False,False,False,False,False,False,False
12.35,489.6,31.0,54.0,177.7,46.5,2018,8.28,False,False,False,False,False,True,False,False,False,False,False
2.9,1336.8,22.3,80.8,238.7,57.0,2024,4.83,False,False,True,False,False,False,False,False,True,False,False
18.77,1788.6,20.8,51.8,249.6,42.5,2024,7.03,False,False,False,False,False,True,False,False,False,False,True
14.37,924.8,27.1,47.1,257.5,49.0,2022,4.83,False,False,False,True,False,False,False,True,False,False,False
2.71,764.0,21.5,66.3,126.3,37.6,2017,4.24,False,False,False,True,False,False,False,False,True,False,False
14.62,1690.4,31.5,56.2,78.4,42.9,2017,7.16,False,False,False,False,False,True,False,False,True,False,False
19.25,954.3,33.1,59.8,127.5,20.7,2017,7.9,False,False,False,False,False,True,False,False,True,False,False
16.05,1746.9,28.4,48.7,220.3,55.9,2020,2.4,False,True,False,False,False,False,False,False,False,True,False
8.19,1440.9,22.7,48.9,286.7,57.0,2021,5.0,False,False,True,False,False,False,False,False,True,False,False
4.46,879.6,30.9,70.6,67.1,30.8,2020,3.61,False,False,False,True,False,False,False,False,False,True,False
4.19,1645.2,19.4,75.4,156.1,17.4,2018,6.46,False,False,False,False,False,True,False,False,False,False,True
7.66,1512.5,29.5,42.4,230.5,58.2,2021,3.69,False,False,False,False,False,False,True,False,False,False,False
2.93,1097.3,31.8,72.5,82.3,6.3,2015,2.2,False,True,False,False,False,False,False,True,False,False,False
1.38,802.5,19.7,57.1,81.8,6.4,2016,1.59,False,False,False,False,True,False,False,False,False,False,False
14.39,1032.3,28.5,70.4,80.8,7.9,2018,2.49,False,False,False,False,False,False,False,False,False,False,False
8.78,1198.1,32.8,67.0,117.3,7.6,2021,1.52,True,False,False,False,False,False,False,False,False,False,True
2.04,455.2,19.4,81.2,164.9,7.6,2018,3.53,False,False,True,False,False,False,False,False,False,True,False
13.13,1769.0,25.6,45.8,162.4,53.9,2019,4.17,False,False,True,False,False,False,False,False,False,False,False
8.05,965.0,21.0,42.2,160.9,15.1,2019,4.4,False,False,True,False,False,False,False,False,False,False,False
3.87,1390.2,19.5,73.4,147.6,45.9,2018,3.54,False,False,False,True,False,False,False,False,False,True,False
19.35,1377.5,33.0,68.6,163.8,6.6,2015,2.23,False,True,False,False,False,False,False,True,False,False,False
3.29,1472.2,20.8,89.2,250.2,9.3,2021,4.57,False,False,True,False,False,False,False,True,False,False,False
19.95,1296.8,31.3,52.9,62.6,34.3,2023,2.15,True,False,False,False,False,False,False,False,True,False,False
17.28,1151.6,32.7,40.6,192.8,47.3,2016,7.95,False,False,False,False,False,True,False,False,False,True,False
18.57,1209.6,19.6,54.3,268.8,52.9,2019,3.88,False,False,False,False,False,False,True,False,False,True,False
13.44,1222.2,25.6,48.6,77.4,37.3,2021,2.66,False,True,False,False,False,False,False,False,False,False,False
14.12,516.5,25.6,53.4,45.3,49.4,2019,6.07,False,False,False,False,False,True,False,False,False,False,True
6.33,1113.7,29.1,44.9,74.9,58.5,2022,1.85,False,False,False,False,True,False,False,True,False,False,False
12.49,570.5,25.1,85.7,232.6,46.1,2020,2.57,False,True,False,False,False,False,False,False,False,False,False
10.79,664.6,23.0,65.3,242.9,32.4,2024,4.76,False,False,False,True,False,False,False,True,False,False,False
16.9,786.8,25.3,85.9,111.2,49.8,2023,2.14,True,False,False,False,False,False,False,True,False,False,False
13.07,617.2,18.5,58.6,156.0,57.7,2022,2.08,False,True,False,False,False,False,False,False,False,True,False
16.92,799.2,31.3,44.5,140.5,11.4,2024,4.06,False,False,True,False,False,False,False,False,True,False,False
17.29,1324.0,28.8,53.5,173.5,52.1,2025,2.73,True,False,False,False,False,False,False,False,False,False,False
12.42,461.4,22.0,80.3,225.3,43.1,2019,3.72,False,False,True,False,False,False,False,False,False,False,True
18.01,1599.6,25.3,50.9,216.1,49.8,2021,2.2,False,True,False,False,False,False,False,False,False,False,True
11.67,1251.6,22.5,74.2,56.6,59.3,2025,7.25,False,False,False,False,False,True,False,False,False,False,False
17.37,802.5,29.4,84.6,89.0,32.0,2018,6.77,False,False,False,False,False,True,False,False,False,False,True
13.55,1369.0,29.5,72.8,107.5,26.3,2021,1.77,False,True,False,False,False,False,False,False,False,False,True
12.08,1792.9,31.1,57.2,218.4,39.0,2022,4.41,False,False,False,True,False,False,False,True,False,False,False
17.06,1584.9,32.0,49.1,162.4,45.0,2023,1.87,False,False,False,False,True,False,False,False,True,False,False
18.99,1664.4,28.5,51.1,233.5,19.8,2020,4.03,False,False,True,False,False,False,False,True,False,False,False
17.17,1085.2,31.9,69.2,58.5,53.6,2023,1.96,False,False,False,False,False,False,False,False,False,True,False
17.48,965.3,22.8,42.7,75.7,13.6,2021,3.62,False,False,False,False,False,False,True,True,False,False,False
3.72,1614.2,20.9,44.0,204.1,12.3,2025,1.83,False,False,False,False,False,False,False,False,False,False,True
1.09,819.3,30.2,48.4,167.3,46.3,2016,4.43,False,False,False,True,False,False,False,True,False,False,False
8.66,1753.2,24.1,41.9,230.0,57.1,2020,2.62,False,True,False,False,False,False,False,True,False,False,False
1.34,455.6,29.7,51.3,121.1,8.0,2023,1.69,True,False,False,False,False,False,False,False,False,False,True
6.67,842.6,29.6,69.8,152.8,41.8,2017,3.69,False,False,False,True,False,False,False,False,False,False,True
19.93,1111.7,30.0,48.2,45.0,15.0,2017,7.26,False,False,False,False,False,True,False,False,False,False,False
3.34,1410.0,30.7,58.8,240.5,38.1,2024,3.86,False,False,True,False,False,False,False,False,False,False,True
13.58,1332.3,18.3,74.5,155.5,9.2,2019,4.12,False,False,False,True,False,False,False,False,False,False,False
6.72,1343.2,28.6,53.5,222.2,26.3,2016,4.38,False,False,False,True,False,False,False,False,False,True,False
6.37,1509.4,26.0,70.5,256.2,58.4,2020,3.4,False,False,False,False,False,False,True,False,False,False,True
11.41,1679.0,29.0,64.0,40.7,41.0,2016,3.24,False,False,False,True,False,False,False,True,False,False,False
3.83,571.6,26.2,76.2,275.2,39.4,2022,2.7,False,False,False,False,False,False,False,False,True,False,False
1.95,1547.8,32.0,82.6,248.4,20.1,2016,1.96,False,False,False,False,False,False,False,False,False,False,True
17.17,1651.9,18.2,46.9,125.5,53.9,2024,3.08,False,False,False,False,False,False,True,True,False,False,False
16.48,696.9,24.4,88.1,257.3,42.0,2022,8.33,False,False,False,False,False,True,False,False,False,False,True
13.33,1525.8,19.8,74.8,295.2,51.0,2016,2.57,False,True,False,False,False,False,False,False,True,False,False
4.44,962.7,23.7,41.4,165.6,30.3,2021,2.33,False,False,False,False,False,False,False,True,False,False,False
1.87,803.2,23.0,75.2,239.6,35.4,2024,2.34,False,False,False,False,False,False,False,False,False,True,False
10.86,1379.1,27.9,61.6,165.3,40.5,2025,8.5,False,False,False,False,False,True,False,True,False,False,False
3.82,1565.7,32.3,70.6,207.3,11.1,2022,2.78,False,True,False,False,False,False,False,False,True,False,False
15.28,882.9,23.3,53.9,97.9,39.3,2021,2.9,False,False,False,False,False,False,True,False,False,True,False
2.5,1049.7,27.2,44.4,156.2,8.9,2022,2.38,True,False,False,False,False,False,False,False,False,False,False
8.83,1202.1,18.0,44.5,290.4,39.0,2023,2.57,False,True,False,False,False,False,False,False,False,True,False
13.44,1065.9,23.5,81.3,259.5,21.3,2024,2.35,True,False,False,False,False,False,False,True,False,False,False
14.6,603.9,30.1,51.1,132.3,38.8,2019,6.54,False,False,False,False,False,True,False,False,False,False,True
14.34,511.8,20.6,47.0,67.8,37.4,2018,7.33,False,False,False,False,False,True,False,False,False,False,False
9.68,1504.9,29.5,45.4,52.1,38.7,2025,2.16,True,False,False,False,False,False,False,False,False,False,False
15.67,1058.2,28.5,87.8,290.6,2.3,2015,3.97,False,False,False,False,False,False,True,True,False,False,False
18.56,1504.5,32.6,74.6,229.9,9.4,2021,2.13,False,False,False,False,False,False,False,True,False,False,False
10.58,969.3,33.7,85.8,111.1,57.9,2019,7.51,False,False,False,False,False,True,False,True,False,False,False
12.45,1646.7,26.2,82.2,263.8,43.3,2023,2.57,False,True,False,False,False,False,False,False,False,True,False
4.82,1292.6,22.6,57.3,295.1,39.7,2017,2.24,True,False,False,False,False,False,False,True,False,False,False
14.5,1477.0,27.0,69.1,215.3,53.8,2023,8.83,False,False,False,False,False,True,False,False,False,False,False
17.67,1020.2,18.2,45.3,77.8,40.9,2018,1.85,False,False,False,False,True,False,False,False,False,False,False
13.98,647.7,19.0,79.2,235.9,3.9,2022,2.46,False,False,False,False,True,False,False,True,False,False,False
12.71,1362.0,27.0,51.2,141.1,31.6,2019,3.28,False,False,False,False,False,False,True,False,False,True,False
8.36,1741.5,33.6,55.6,54.0,45.1,2018,1.78,False,True,False,False,False,False,False,False,False,True,False
16.77,1680.5,29.3,72.4,182.1,37.0,2018,1.94,False,False,False,False,False,False,False,False,False,True,False
4.55,684.6,26.2,58.9,112.6,17.3,2017,3.58,False,False,False,False,False,False,True,False,False,False,False
1.11,1079.5,33.0,42.0,195.2,46.9,2025,1.67,False,False,False,False,True,False,False,False,False,False,True
16.01,1192.7,19.2,75.4,97.2,12.7,2016,1.67,False,False,False,False,False,False,False,False,False,True,False
8.9,1175.0,19.5,51.1,212.5,21.2,2019,4.34,False,False,True,False,False,False,False,True,False,False,False
19.94,1562.0,33.7,40.4,155.9,54.5,2024,2.03,False,False,False,False,False,False,False,False,False,False,True
19.22,1371.4,23.1,85.8,140.3,33.3,2019,2.47,True,False,False,False,False,False,False,False,True,False,False
10.77,1136.8,25.8,54.8,123.3,6.8,2016,7.97,False,False,False,False,False,True,False,True,False,False,False
19.46,1494.0,26.5,71.3,214.3,46.9,2025,4.17,False,False,True,False,False,False,False,True,False,False,False
13.28,1718.7,30.0,47.7,226.4,4.2,2016,2.59,False,True,False,False,False,False,False,False,False,False,False
4.38,790.1,19.1,81.1,146.0,28.2,2021,3.59,False,False,False,True,False,False,False,False,False,False,True
11.16,1315.9,27.9,77.8,51.8,51.2,2020,2.93,False,False,False,False,False,False,True,False,False,True,False
6.51,1375.9,27.7,54.1,139.2,49.7,2015,3.32,False,False,False,False,False,False,True,False,False,False,False
15.19,1525.6,31.6,54.7,117.5,53.4,2025,3.66,False,False,True,False,False,False,False,True,False,False,False
19.19,465.1,32.0,47.1,41.3,36.6,2023,6.78,False,False,False,False,False,True,False,False,True,False,False
15.22,1669.8,23.5,60.6,77.0,12.7,2024,1.78,True,False,False,False,False,False,False,False,False,True,False
4.69,694.8,30.8,82.6,159.9,33.9,2019,1.84,False,False,False,False,True,False,False,False,False,True,False
14.79,1107.7,23.3,46.4,66.0,37.9,2018,1.87,True,False,False,False,False,False,False,True,False,False,False
10.23,893.3,28.6,74.7,187.0,23.1,2020,8.65,False,False,False,False,False,True,False,True,False,False,False
5.68,749.1,29.8,61.8,74.9,44.5,2022,6.29,False,False,False,False,False,True,False,False,False,False,True
9.46,1495.9,25.8,45.4,61.3,18.3,2017,1.84,False,False,False,False,False,False,False,False,False,True,False
14.82,1654.3,31.6,71.6,190.5,46.6,2018,3.22,False,False,False,False,False,False,True,False,False,True,False
11.48,1183.7,34.0,63.6,135.1,15.0,2024,4.02,False,False,False,True,False,False,False,True,False,False,False
10.52,572.2,23.8,40.5,260.5,48.8,2024,2.2,False,False,False,False,False,False,False,True,False,False,False
15.39,639.5,20.5,68.3,211.4,58.1,2022,4.07,False,False,True,False,False,False,False,False,False,True,False
5.4,806.9,21.7,73.4,276.0,23.0,2022,2.31,False,False,False,False,False,False,False,False,False,True,False
17.75,503.9,28.4,45.2,204.7,17.9,2019,1.89,False,False,False,False,False,False,False,False,False,True,False
13.42,943.2,28.5,81.8,105.4,58.4,2018,2.12,False,True,False,False,False,False,False,False,False,True,False
7.71,1621.4,25.8,64.1,41.7,53.2,2022,1.94,False,True,False,False,False,False,False,False,False,True,False
5.02,702.3,23.8,75.9,211.9,26.0,2020,2.34,False,False,False,False,True,False,False,False,True,False,False
10.15,1096.4,21.4,48.1,45.8,4.5,2024,3.09,False,False,False,False,False,False,True,False,False,False,False
17.93,648.3,20.7,86.1,289.1,36.8,2024,4.48,False,False,False,True,False,False,False,False,False,True,False
17.69,1432.8,31.1,87.4,156.8,59.6,2022,4.24,False,False,False,True,False,False,False,True,False,False,False
16.1,1557.6,20.9,73.0,83.6,41.8,2022,3.35,False,False,True,False,False,False,False,False,False,False,True
5.37,970.4,19.7,50.1,217.9,49.9,2024,3.86,False,False,False,False,False,False,True,False,False,True,False
17.68,1167.4,30.0,44.7,274.5,33.3,2015,4.99,False,False,False,True,False,False,False,True,False,False,False
10.92,950.0,18.7,66.5,284.0,30.0,2021,2.59,False,True,False,False,False,False,False,True,False,False,False
9.08,793.6,30.3,85.5,113.6,52.9,2021,3.78,False,False,False,False,False,False,True,False,True,False,False
4.59,1407.4,30.6,68.9,175.1,23.8,2018,2.06,False,False,False,False,True,False,False,False,True,False,False
3.03,1025.2,27.4,53.1,150.1,23.2,2019,7.82,False,False,False,False,False,True,False,False,False,True,False
15.34,1007.9,30.5,64.1,185.4,30.1,2019,1.99,False,True,False,False,False,False,False,False,False,False,True
14.98,1604.2,28.5,77.4,243.6,57.1,2016,2.52,False,True,False,False,False,False,False,False,False,False,False
10.66,1511.2,30.8,70.7,81.8,57.9,2015,2.13,True,False,False,False,False,False,False,False,True,False,False
18.59,1037.8,19.0,51.1,198.3,44.0,2021,2.06,False,False,False,False,False,False,False,False,True,False,False
14.52,1256.6,33.1,81.0,154.1,13.7,2025,2.23,False,False,False,False,True,False,False,False,False,False,False
1.64,1259.3,26.3,51.6,215.2,22.9,2025,2.32,True,False,False,False,False,False,False,True,False,False,False
19.54,567.2,22.4,60.0,145.4,13.6,2015,4.2,False,False,False,True,False,False,False,False,False,False,False
11.44,1430.3,26.9,69.1,290.5,18.0,2024,3.45,False,False,False,False,False,False,True,False,False,False,True
9.64,995.3,18.1,48.8,67.7,6.2,2019,1.84,True,False,False,False,False,False,False,False,False,True,False
17.65,1547.7,27.2,74.7,186.4,46.7,2020,2.18,False,False,False,False,True,False,False,False,False,False,False
13.95,1660.3,31.8,64.1,57.6,38.8,2018,1.45,False,False,False,False,False,False,False,False,False,False,True
8.84,926.7,26.6,75.0,104.5,7.4,2025,6.75,False,False,False,False,False,True,False,False,False,False,True
2.44,1707.4,25.6,57.7,110.0,56.9,2025,7.04,False,False,False,False,False,True,False,False,False,True,False
5.46,776.8,22.2,51.5,257.4,22.6,2016,2.45,True,False,False,False,False,False,False,True,False,False,False
18.48,1362.3,28.6,70.7,289.1,51.2,2020,3.68,False,False,False,False,False,False,True,False,False,True,False
10.33,1778.9,32.7,54.0,235.0,9.4,2023,1.87,False,False,False,False,True,False,False,True,False,False,False
10.09,1180.0,26.0,59.7,158.9,9.0,2023,2.22,False,True,False,False,False,False,False,True,False,False,False
13.81,962.2,19.6,58.1,88.7,17.2,2019,3.5,False,False,False,True,False,False,False,False,False,False,True
19.21,913.2,20.9,61.2,222.2,23.6,2021,2.39,False,False,False,False,False,False,False,False,False,False,False
19.61,1376.1,31.0,76.0,184.4,51.7,2018,4.17,False,False,True,False,False,False,False,True,False,False,False
16.2,1447.0,25.6,40.5,169.9,59.7,2025,3.92,False,False,True,False,False,False,False,False,False,False,False
6.7,1208.9,27.1,59.9,55.6,49.2,2022,1.83,False,False,False,False,False,False,False,True,False,False,False
9.55,901.8,23.8,68.0,129.5,25.9,2020,3.38,False,False,False,False,False,False,True,False,False,False,True
11.96,1327.3,26.6,89.0,132.3,41.0,2022,1.56,True,False,False,False,False,False,False,False,False,False,True
17.9,964.4,22.6,71.6,265.7,39.2,2020,2.26,False,False,False,False,False,False,False,True,False,False,False
17.13,546.3,20.6,51.4,209.8,43.2,2024,2.3,False,True,False,False,False,False,False,False,False,False,True
6.15,1050.6,31.8,58.2,175.4,28.1,2017,2.42,False,True,False,False,False,False,False,False,False,True,False
13.58,1719.6,29.2,44.0,143.2,7.5,2022,2.07,True,False,False,False,False,False,False,True,False,False,False
1.5,986.0,30.2,44.2,200.7,6.9,2021,3.99,False,False,False,True,False,False,False,False,False,False,True
9.42,620.7,26.4,48.5,212.5,51.9,2020,2.41,False,False,False,False,True,False,False,False,True,False,False
9.88,1625.7,33.0,67.4,292.1,42.5,2017,2.08,False,False,False,False,False,False,False,True,False,False,False
10.95,1313.4,23.0,57.4,99.1,7.2,2019,2.02,False,True,False,False,False,False,False,False,False,True,False
8.83,660.2,18.2,66.2,129.4,29.2,2015,7.39,False,False,False,False,False,True,False,True,False,False,False
6.69,1483.9,30.8,69.9,182.5,12.9,2023,2.03,False,False,False,False,False,False,False,False,True,False,False
8.5,670.4,29.8,59.5,97.4,6.6,2025,2.3,False,True,False,False,False,False,False,False,False,False,False
6.41,1453.0,30.9,60.6,87.4,18.8,2025,2.17,False,False,False,False,True,False,False,False,True,False,False
12.74,817.4,28.0,49.4,79.6,58.2,2015,2.08,False,False,False,False,False,False,False,False,True,False,False
3.38,1041.9,18.1,44.5,168.3,21.8,2019,2.24,False,False,False,False,True,False,False,False,True,False,False
19.96,1076.0,30.7,56.5,54.6,47.0,2016,1.75,False,False,False,False,False,False,False,True,False,False,False
16.53,1568.1,20.0,78.4,140.0,58.5,2018,1.82,False,False,False,False,True,False,False,True,False,False,False
4.78,1442.7,19.5,73.3,162.9,41.5,2019,4.17,False,False,False,True,False,False,False,True,False,False,False
15.15,1191.9,20.0,64.1,91.7,53.5,2025,3.34,False,False,False,True,False,False,False,False,False,False,True
19.49,768.6,24.9,40.8,192.0,25.0,2018,2.12,True,False,False,False,False,False,False,False,False,False,True
14.08,659.2,30.3,52.4,63.8,37.9,2025,1.9,False,False,False,False,False,False,False,False,False,False,False
2.14,1320.2,29.2,79.6,166.8,20.4,2023,4.31,False,False,False,True,False,False,False,True,False,False,False
14.93,478.8,24.0,76.2,273.7,30.1,2022,1.78,False,False,False,False,False,False,False,False,False,False,True
11.31,1111.6,27.1,67.2,230.4,18.0,2024,2.2,False,False,False,False,True,False,False,False,False,False,True
11.09,1056.7,31.1,67.1,40.2,39.0,2021,3.03,False,False,False,False,False,False,True,False,False,False,False
17.78,1286.6,23.8,71.0,227.5,40.2,2023,3.93,False,False,True,False,False,False,False,False,False,False,True
15.55,658.1,22.5,60.5,68.7,32.3,2016,1.52,False,False,False,False,False,False,False,False,False,False,True
16.87,625.2,32.0,50.1,89.8,3.8,2025,4.02,False,False,False,True,False,False,False,False,False,False,False
1.93,748.0,29.5,40.7,210.5,55.8,2016,1.92,False,False,False,False,True,False,False,True,False,False,False
16.22,531.9,26.9,86.9,253.7,48.1,2015,2.49,False,False,False,False,False,False,False,False,False,False,False
14.95,1576.5,19.2,50.8,65.3,44.1,2023,3.22,False,False,False,True,False,False,False,False,False,True,False
4.6,1160.4,22.0,71.3,185.2,34.4,2016,2.55,False,True,False,False,False,False,False,True,False,False,False
14.35,1026.6,19.7,79.6,144.4,21.6,2017,1.79,False,False,False,False,False,False,False,False,False,True,False
18.74,1668.4,26.8,89.8,147.2,38.7,2020,1.58,False,False,False,False,False,False,False,False,False,False,True
8.13,1192.8,29.9,58.0,156.3,25.0,2015,2.16,True,False,False,False,False,False,False,False,False,False,False
12.32,1148.8,33.9,55.1,295.9,14.5,2020,2.34,False,False,False,False,True,False,False,False,False,False,True
18.46,1140.2,27.1,68.6,49.8,22.6,2017,1.93,False,False,False,False,True,False,False,False,True,False,False
7.97,1235.9,21.7,80.6,188.3,35.0,2018,2.18,False,False,False,False,True,False,False,False,True,False,False
4.29,1564.7,29.0,68.8,194.8,19.4,2024,1.96,False,False,False,False,False,False,False,False,True,False,False
2.49,525.5,30.3,57.4,148.3,52.3,2018,2.39,False,True,False,False,False,False,False,False,False,False,False
13.04,1303.5,18.9,66.2,180.4,10.7,2023,3.38,False,False,False,True,False,False,False,False,False,False,True
3.91,1359.4,34.0,88.6,189.6,7.2,2021,2.08,True,False,False,False,False,False,False,False,False,True,False
7.39,1092.4,29.9,67.4,62.1,31.1,2017,3.34,False,False,True,False,False,False,False,False,False,False,True
10.14,717.4,24.3,68.6,200.2,44.7,2018,4.11,False,False,True,False,False,False,False,False,False,True,False
7.14,1697.6,19.4,73.6,135.0,13.0,2020,2.39,False,True,False,False,False,False,False,False,False,False,False
15.62,678.5,23.6,81.1,202.0,27.5,2018,4.68,False,False,False,True,False,False,False,False,False,False,False
3.14,523.6,33.2,86.3,43.6,42.2,2016,2.68,False,False,False,False,False,False,True,False,False,False,True
9.55,480.7,21.3,66.9,182.1,45.5,2023,1.7,False,False,False,False,True,False,False,True,False,False,False
14.21,1352.2,24.0,85.3,51.3,11.9,2019,3.34,False,False,True,False,False,False,False,False,False,True,False
15.99,1284.3,18.8,72.7,57.3,40.3,2025,2.14,True,False,False,False,False,False,False,False,True,False,False
1.36,1621.0,28.4,51.6,172.2,43.2,2020,3.35,False,False,False,False,False,False,True,False,False,False,False
